hrr,name,state,n_hospitals,total_beds,degree_cent,betweenness_cent,eigenvector_cent,btw_rank,deg_rank,community
1,AL- BIRMINGHAM,AL,40,7687,0.039603960396039604,0.07949205516578148,0.0012898877112759242,26,1,0
2,AL- DOTHAN,AL,11,1209,0.019801980198019802,0.00987913360872511,1.2498036327438471e-05,166,93,0
5,AL- HUNTSVILLE,AL,6,1742,0.009900990099009901,0.05737328699757393,0.00018129333980968675,59,251,0
6,AL- MOBILE,AL,14,2605,0.019801980198019802,0.02281817585732083,0.0001619996457447126,122,93,0
7,AL- MONTGOMERY,AL,12,1353,0.0165016501650165,0.00644766463401307,0.0001335717137263603,199,142,0
9,AL- TUSCALOOSA,AL,6,892,0.009900990099009901,0.0,9.612226409789225e-05,281,251,1
11,AZ- MESA,AZ,13,1975,0.006600660066006601,0.0,0.004455860538104479,281,286,2
12,AZ- PHOENIX,AZ,41,6890,0.026402640264026403,0.12753262081175004,0.037787670477356206,6,31,2
14,AZ- SUN CITY,AZ,3,721,0.0033003300330033004,0.0,0.0010480630449564519,281,299,2
15,AZ- TUCSON,AZ,15,2686,0.009900990099009901,0.0018140886936375755,0.010921245366416093,229,251,2
16,AR- FORT SMITH,AR,13,1173,0.0165016501650165,0.026927196030861363,0.05775449205858051,111,142,3
18,AR- JONESBORO,AR,7,833,0.0165016501650165,0.07210456144952243,0.005007282665097716,36,142,4
19,AR- LITTLE ROCK,AR,40,5493,0.026402640264026403,0.033462286626013596,0.016471458856827187,97,31,1
21,AR- SPRINGDALE,AR,8,1235,0.0165016501650165,0.030380521495858192,0.025985496202991957,106,142,3
22,AR- TEXARKANA,AR,7,830,0.023102310231023104,0.07859593906410509,0.03142857629565322,27,56,3
23,CA- ORANGE CO.,CA,24,4832,0.009900990099009901,0.0,0.0013509113248858751,281,251,2
25,CA- BAKERSFIELD,CA,12,1736,0.013201320132013201,0.02238104605162503,0.0003829645772355649,123,198,2
31,CA- CHICO,CA,6,601,0.009900990099009901,0.01865997858063952,0.0008009966837520515,139,251,2
33,CA- CONTRA COSTA CO.,CA,6,1015,0.0165016501650165,0.00037702445741262866,7.703335196317214e-05,242,142,2
43,CA- FRESNO,CA,8,1794,0.019801980198019802,0.03129849408781937,0.0009669055569447586,103,93,2
56,CA- LOS ANGELES,CA,74,17863,0.013201320132013201,2.1856490284790067e-05,0.0008247577526590991,257,198,2
58,CA- MODESTO,CA,9,1399,0.0165016501650165,0.018512447271217185,0.0010273226696420803,141,142,2
62,CA- NAPA,CA,8,522,0.0165016501650165,0.010256158066137739,9.065184955497145e-05,163,142,2
65,CA- ALAMEDA CO.,CA,9,2206,0.0165016501650165,0.002032653596485476,5.6158611807675275e-05,227,142,2
69,CA- PALM SPR/RANCHO MIR.,CA,3,636,0.009900990099009901,0.03820514501781304,0.000837005855744913,84,251,2
73,CA- REDDING,CA,9,738,0.009900990099009901,0.01621751579131423,7.942447285421332e-05,145,251,2
77,CA- SACRAMENTO,CA,18,3327,0.0165016501650165,6.55694708543702e-05,0.0015288563474519414,252,142,2
78,CA- SALINAS,CA,4,740,0.013201320132013201,0.01910257250890652,2.8123940212215173e-05,135,198,2
79,CA- SAN BERNARDINO,CA,21,4747,0.019801980198019802,0.028063733525670445,0.0033218620860933005,110,93,2
80,CA- SAN DIEGO,CA,20,5643,0.0165016501650165,0.04017222914344414,0.00769807758744099,79,142,2
81,CA- SAN FRANCISCO,CA,12,3082,0.0165016501650165,0.000655694708543702,1.0529304799265153e-05,238,142,2
82,CA- SAN JOSE,CA,7,2166,0.019801980198019802,0.0006994076891132822,7.905035179807667e-05,235,93,2
83,CA- SAN LUIS OBISPO,CA,3,364,0.013201320132013201,0.034161694315126875,3.055488262074863e-05,94,198,2
85,CA- SAN MATEO CO.,CA,6,1301,0.009900990099009901,0.0034096124844272503,2.995052249725306e-06,222,251,2
86,CA- SANTA BARBARA,CA,5,751,0.006600660066006601,0.010075842021288221,2.0842201732113984e-06,164,286,2
87,CA- SANTA CRUZ,CA,3,314,0.009900990099009901,0.00963871221559242,2.1853892438126903e-06,168,251,2
89,CA- SANTA ROSA,CA,7,608,0.006600660066006601,0.0,3.821697152877082e-06,281,286,2
91,CA- STOCKTON,CA,6,839,0.013201320132013201,0.004573470592092322,0.00010927011906917644,209,198,2
96,CA- VENTURA,CA,7,1239,0.006600660066006601,0.003540751426135991,5.239892870758026e-05,219,286,2
101,CO- BOULDER,CO,5,702,0.009900990099009901,0.003606320896990361,0.01179254503205501,217,251,3
102,CO- COLORADO SPRINGS,CO,13,1291,0.019801980198019802,0.08836579022140624,0.09640038378481046,19,93,3
103,CO- DENVER,CO,43,5958,0.033003300330033,0.02607479290975455,0.2392642564852738,114,8,3
104,CO- FORT COLLINS,CO,6,563,0.013201320132013201,0.007496776167682993,0.015235512484188338,184,198,3
105,CO- GRAND JUNCTION,CO,9,623,0.013201320132013201,0.07485847922540598,0.03413180021472744,30,198,2
106,CO- GREELEY,CO,11,759,0.009900990099009901,0.0,0.021787912740318816,281,251,3
107,CO- PUEBLO,CO,3,716,0.0033003300330033004,0.0,0.002334124759212037,281,299,3
109,CT- BRIDGEPORT,CT,5,1401,0.006600660066006601,0.0,4.090228442773463e-09,281,286,6
110,CT- HARTFORD,CT,15,3069,0.0165016501650165,4.3712980569580134e-05,1.9721253680136424e-08,255,142,6
111,CT- NEW HAVEN,CT,11,2597,0.0165016501650165,0.007059646361987192,2.11017476409966e-08,188,142,6
112,DE- WILMINGTON,DE,5,2077,0.0165016501650165,0.10378554411732563,0.0002592695573131758,12,142,6
113,DC- WASHINGTON,DC,20,5236,0.026402640264026403,0.011277948986951674,0.000697128065378838,159,31,7
115,FL- BRADENTON,FL,3,770,0.013201320132013201,0.002065438331912661,2.3808804671641357e-09,226,198,8
116,FL- CLEARWATER,FL,5,1594,0.009900990099009901,0.0066006600660066,3.4815196805005976e-10,193,251,8
118,FL- FORT LAUDERDALE,FL,23,7200,0.009900990099009901,0.0066006600660066,1.084047974060573e-08,193,251,8
119,FL- FORT MYERS,FL,10,2938,0.009900990099009901,0.0002622778834174808,6.71182033467119e-09,248,251,8
120,FL- GAINESVILLE,FL,9,1538,0.0165016501650165,0.05155946058181977,9.248986127725759e-07,65,142,8
122,FL- HUDSON,FL,5,1238,0.013201320132013201,0.01593338141761196,4.202113713438013e-09,146,198,8
123,FL- JACKSONVILLE,FL,18,4450,0.0165016501650165,0.046466898345463685,7.78846230659928e-06,71,142,0
124,FL- LAKELAND,FL,3,970,0.009900990099009901,0.0016720215067864402,2.314995383219952e-09,231,251,8
127,FL- MIAMI,FL,28,9846,0.0033003300330033004,0.0,1.3581113105138035e-09,281,299,8
129,FL- OCALA,FL,4,1001,0.009900990099009901,0.032380390356916484,2.825564289410416e-08,101,251,8
130,FL- ORLANDO,FL,31,9188,0.033003300330033,0.041789609424518606,7.78872373113602e-08,76,8,8
131,FL- ORMOND BEACH,FL,4,1102,0.009900990099009901,0.037647804515550894,2.812784329750644e-07,86,251,8
133,FL- PANAMA CITY,FL,5,588,0.009900990099009901,0.006163530260310799,1.4748938399221784e-06,202,251,0
134,FL- PENSACOLA,AL,14,2306,0.013201320132013201,0.00655694708543702,2.063342431940129e-05,197,198,0
137,FL- SARASOTA,FL,5,1306,0.009900990099009901,0.0003497038445566411,3.5937438357504553e-09,243,251,8
139,FL- ST PETERSBURG,FL,5,1555,0.0033003300330033004,0.0,8.637024197089817e-12,281,299,8
140,FL- TALLAHASSEE,FL,17,2106,0.019801980198019802,0.041724039953664235,7.65903710150348e-06,77,93,0
141,FL- TAMPA,FL,12,3824,0.0165016501650165,0.0003497038445566411,6.956790010623911e-09,243,142,8
142,GA- ALBANY,GA,4,808,0.013201320132013201,0.04834655650995563,4.748247938935999e-06,69,198,0
144,GA- ATLANTA,GA,55,10065,0.033003300330033,0.013791445369702532,0.00046405188583398363,149,8,0
145,GA- AUGUSTA,GA,13,1955,0.0165016501650165,0.024391843157825714,5.900995493120782e-05,116,142,0
146,GA- COLUMBUS,AL,5,963,0.019801980198019802,0.06712128166459029,8.58982409293298e-05,44,93,0
147,GA- MACON,GA,17,1897,0.023102310231023104,0.02563766310405875,6.984705192818976e-05,115,56,0
148,GA- ROME,AL,6,572,0.009900990099009901,0.0,0.00010026955781418704,281,251,0
149,GA- SAVANNAH,GA,17,1880,0.013201320132013201,0.04939566804362555,1.1504401653133596e-05,68,198,0
151,ID- BOISE,ID,17,1618,0.023102310231023104,0.07337223788604026,0.014437359545561192,34,56,2
152,ID- IDAHO FALLS,ID,6,429,0.013201320132013201,0.0959281358599436,0.007801987145709068,14,198,2
154,IL- AURORA,IL,3,453,0.0165016501650165,0.07079317203243503,5.456836851147781e-05,39,142,9
155,IL- BLUE ISLAND,IL,7,2624,0.0165016501650165,0.003628177387275151,9.153582252468055e-06,216,142,9
156,IL- CHICAGO,IL,26,8809,0.0165016501650165,0.00048084278626538146,5.625502653401637e-06,241,142,9
158,IL- ELGIN,IL,5,1082,0.013201320132013201,0.009955631324721876,4.469137959641844e-05,165,198,10
161,IL- EVANSTON,IL,5,2006,0.013201320132013201,0.007682556335103709,2.4129423097574752e-05,182,198,9
163,IL- HINSDALE,IL,4,883,0.009900990099009901,0.0,4.85538948314757e-06,281,251,9
164,IL- JOLIET,IL,5,1223,0.0297029702970297,0.11892116363954276,0.00011658839385359696,9,17,9
166,IL- MELROSE PARK,IL,12,3283,0.026402640264026403,0.01953970231460232,4.5627185593640136e-05,131,31,9
170,IL- PEORIA,IL,14,2099,0.019801980198019802,0.02327716215330142,0.0015025767296835712,120,93,4
171,IL- ROCKFORD,IL,13,1663,0.026402640264026403,0.07429021047800144,0.0005947633022395111,32,31,10
172,IL- SPRINGFIELD,IL,23,2792,0.026402640264026403,0.011321661967521254,0.014628541802900585,158,31,4
173,IL- URBANA,IL,9,1061,0.023102310231023104,0.0948571678359889,0.0014183439550424642,15,56,4
175,IL- BLOOMINGTON,IL,3,422,0.013201320132013201,0.034270976766550824,0.00045607439065992373,93,198,4
179,IN- EVANSVILLE,IL,21,1826,0.026402640264026403,0.12390444342447489,0.005573450507503967,7,31,4
180,IN- FORT WAYNE,IN,23,1830,0.023102310231023104,0.014337857626822284,0.0002780521186058498,147,56,9
181,IN- GARY,IN,7,1411,0.023102310231023104,0.05269599807662885,9.720900434337628e-05,62,56,9
183,IN- INDIANAPOLIS,IN,50,6799,0.036303630363036306,0.08666098397919261,0.0014083888866627627,22,3,9
184,IN- LAFAYETTE,IN,4,400,0.013201320132013201,0.08035538653203068,9.579063100982866e-05,25,198,9
185,IN- MUNCIE,IN,3,365,0.009900990099009901,0.08701068782374925,5.506996038083364e-05,21,251,9
186,IN- MUNSTER,IN,5,799,0.009900990099009901,0.0017922322033527855,3.31086367669944e-06,230,251,9
187,IN- SOUTH BEND,IN,9,1343,0.0165016501650165,0.000327847354271851,0.00012977972014672557,245,142,9
188,IN- TERRE HAUTE,IN,4,600,0.009900990099009901,0.12122702336458811,0.0002765985503014013,8,251,4
190,IA- CEDAR RAPIDS,IA,7,934,0.019801980198019802,0.08478132581470067,0.015338804612855365,24,93,4
191,IA- DAVENPORT,IL,10,1145,0.019801980198019802,0.023539440036718904,0.003149649544471831,117,93,4
192,IA- DES MOINES,IA,37,2761,0.0297029702970297,0.006994076891132821,0.21869561858276335,190,17,3
193,IA- DUBUQUE,IL,6,721,0.0165016501650165,0.07203899197866806,0.0013248548080194804,37,142,10
194,IA- IOWA CITY,IA,11,1765,0.0165016501650165,0.01940856337289358,0.025791395889090282,132,142,4
195,IA- MASON CITY,IA,8,468,0.0165016501650165,0.07105544991585251,0.04419477924642243,38,142,10
196,IA- SIOUX CITY,IA,14,686,0.009900990099009901,0.0019015146547767359,0.08663776825779924,228,251,3
197,IA- WATERLOO,IA,8,773,0.0165016501650165,0.07055275063930233,0.018092345907568405,40,142,10
200,KS- TOPEKA,KS,15,1262,0.013201320132013201,0.007824623521954843,0.1616054216409994,181,198,3
201,KS- WICHITA,KS,84,4660,0.0297029702970297,0.03129849408781937,0.4733986759361233,103,17,3
203,KY- COVINGTON,KY,4,982,0.006600660066006601,0.02318973619216226,9.247409493495291e-05,121,286,0
204,KY- LEXINGTON,KY,40,4538,0.0297029702970297,0.022337333071055447,0.0010387359250219961,124,17,0
205,KY- LOUISVILLE,IN,30,5431,0.023102310231023104,0.03328743470373527,0.001570281613292692,98,56,0
207,KY- OWENSBORO,KY,2,436,0.013201320132013201,0.16158503267545296,0.00022170028475705482,2,198,0
208,KY- PADUCAH,IL,12,1482,0.023102310231023104,0.06506677157782002,0.0031562118038932882,47,56,4
209,LA- ALEXANDRIA,LA,11,862,0.019801980198019802,0.04192074836622735,0.0006386334870255542,75,93,1
210,LA- BATON ROUGE,LA,18,2268,0.0165016501650165,0.011562083360653945,0.0001741567812815921,156,142,1
212,LA- HOUMA,LA,8,779,0.009900990099009901,0.005649902738618233,1.3250011417685201e-05,205,251,1
213,LA- LAFAYETTE,LA,19,1833,0.013201320132013201,0.003562607916420781,6.27368589765354e-05,218,198,1
214,LA- LAKE CHARLES,LA,7,758,0.009900990099009901,0.006207243240880379,3.703365378461058e-05,201,251,1
216,LA- METAIRIE,LA,8,830,0.0165016501650165,0.007015933381417611,7.840449536635378e-05,189,142,1
217,LA- MONROE,LA,14,1048,0.013201320132013201,6.55694708543702e-05,0.002293832062017273,252,198,1
218,LA- NEW ORLEANS,LA,9,2411,0.009900990099009901,0.006841081459139291,4.063128649977632e-06,191,251,1
219,LA- SHREVEPORT,LA,19,2093,0.023102310231023104,0.043865976001573666,0.005741842325134392,72,56,1
220,LA- SLIDELL,LA,6,550,0.013201320132013201,0.011037527593818984,5.915873377835283e-06,160,198,1
221,ME- BANGOR,ME,18,1014,0.0033003300330033004,0.0,1.9737001806812343e-10,281,299,6
222,ME- PORTLAND,ME,18,2427,0.009900990099009901,0.0066006600660066,2.2099537925137063e-09,193,251,6
223,MD- BALTIMORE,MD,24,6874,0.026402640264026403,0.1314012195921579,0.005851963132267676,5,31,2
225,MD- SALISBURY,DE,6,826,0.009900990099009901,0.13539002906913208,0.0003161478639096479,4,251,2
226,MD- TAKOMA PARK,MD,6,1282,0.006600660066006601,0.008808165584770397,0.00031066500772021944,176,286,7
227,MA- BOSTON,MA,41,8535,0.009900990099009901,0.0,6.619221436457664e-10,281,251,6
230,MA- SPRINGFIELD,MA,8,1381,0.013201320132013201,0.01878565339977706,1.3684530808686253e-08,137,198,6
231,MA- WORCESTER,MA,8,1063,0.019801980198019802,0.013059252945162065,3.10611491959946e-09,150,93,6
232,MI- ANN ARBOR,MI,12,2614,0.0297029702970297,0.038008436605249926,3.273975219929584e-05,85,17,9
233,MI- DEARBORN,MI,5,1376,0.009900990099009901,0.0023605009507573272,5.97019220230248e-06,224,251,9
234,MI- DETROIT,MI,14,4800,0.0165016501650165,0.0,2.6283376618653666e-06,281,142,9
235,MI- FLINT,MI,4,1059,0.019801980198019802,0.01969269774659585,1.3018911391232633e-06,130,93,9
236,MI- GRAND RAPIDS,MI,13,1570,0.0165016501650165,0.021528642930518215,2.1029416951713907e-06,127,142,9
238,MI- KALAMAZOO,MI,11,1247,0.019801980198019802,0.012480055952615128,2.921367293069118e-05,152,93,9
239,MI- LANSING,MI,10,1414,0.019801980198019802,0.004371298056958014,3.6359606632771595e-06,210,93,9
240,MI- MARQUETTE,MI,11,495,0.013201320132013201,0.026490066225165563,0.001054969131313198,113,198,10
242,MI- MUSKEGON,MI,4,281,0.006600660066006601,0.0,8.461898629147738e-08,281,286,9
243,MI- PETOSKEY,MI,5,355,0.009900990099009901,0.02915655803990995,3.6133136752654435e-05,108,251,9
244,MI- PONTIAC,MI,4,1040,0.009900990099009901,0.0,1.0413287968126582e-06,281,251,9
245,MI- ROYAL OAK,MI,7,2066,0.013201320132013201,0.0,1.6168444774705594e-06,281,198,9
246,MI- SAGINAW,MI,18,2021,0.019801980198019802,0.01667650208729482,2.5111438502831305e-06,144,93,9
248,MI- ST JOSEPH,MI,3,403,0.013201320132013201,0.04135247961882281,5.656993596123438e-06,78,198,9
249,MI- TRAVERSE CITY,MI,4,474,0.0165016501650165,0.01859987323235635,1.0461570594066768e-06,140,142,9
250,MN- DULUTH,MI,15,945,0.013201320132013201,0.0,0.015776834197546847,281,198,10
251,MN- MINNEAPOLIS,MN,69,8183,0.033003300330033,0.030773938320984413,0.12025445264418004,105,8,10
253,MN- ROCHESTER,IA,12,2382,0.0165016501650165,0.00646952112429786,0.016967759032433374,198,142,10
254,MN- ST CLOUD,MN,8,600,0.0033003300330033004,0.0,0.00855609893557716,281,299,10
256,MN- ST PAUL,MN,14,1890,0.006600660066006601,0.0,0.014977944327983226,281,286,10
257,MS- GULFPORT,MS,3,672,0.009900990099009901,0.019233711450615257,5.984204568028784e-06,134,251,1
258,MS- HATTIESBURG,MS,8,1113,0.019801980198019802,0.008884663300767162,8.764946880294288e-05,174,93,1
259,MS- JACKSON,LA,38,4017,0.0297029702970297,0.021550499420803008,0.0009906410118782326,126,17,1
260,MS- MERIDIAN,AL,11,821,0.019801980198019802,0.007638843354534129,0.0002403966475950949,183,93,1
261,MS- OXFORD,MS,7,577,0.009900990099009901,0.010622254278407973,0.00029426019369704844,161,251,1
262,MS- TUPELO,AL,11,1504,0.019801980198019802,0.008884663300767162,0.0005224311884127666,174,93,1
263,MO- CAPE GIRARDEAU,IL,8,820,0.013201320132013201,0.04301357288046685,0.0020501091072983395,74,198,4
264,MO- COLUMBIA,MO,19,1773,0.019801980198019802,0.02865385876335978,0.07947579409243466,109,93,4
267,MO- JOPLIN,KS,13,1135,0.0165016501650165,0.03348414311629838,0.10959625529564498,95,142,3
268,MO- KANSAS CITY,KS,48,6434,0.023102310231023104,0.008502174720783335,0.3089672172783798,179,56,3
270,MO- SPRINGFIELD,AR,14,2029,0.023102310231023104,0.062487705724214804,0.052531275783006634,53,56,4
273,MO- ST LOUIS,IL,58,10996,0.023102310231023104,6.55694708543702e-05,0.021174279981335687,252,56,4
274,MT- BILLINGS,MT,37,1565,0.026402640264026403,0.0670994251743055,0.03820008591114499,45,31,2
275,MT- GREAT FALLS,MT,11,572,0.006600660066006601,0.0,0.0036769717658064758,281,286,2
276,MT- MISSOULA,ID,18,815,0.0165016501650165,0.004021594212401372,0.006823284634493641,213,142,2
277,NE- LINCOLN,KS,35,1594,0.019801980198019802,0.0046991454112298645,0.31006459452798063,207,93,3
278,NE- OMAHA,IA,53,3936,0.019801980198019802,4.3712980569580134e-05,0.2972030858714848,255,93,3
279,NV- LAS VEGAS,AZ,21,3920,0.019801980198019802,0.06246584923393001,0.0211564898715934,54,93,2
280,NV- RENO,CA,19,1356,0.0297029702970297,0.11117850195615588,0.01613007009390012,10,17,2
281,NH- LEBANON,NH,17,891,0.019801980198019802,0.01304832470001967,2.3452827574709313e-08,151,93,6
282,NH- MANCHESTER,NH,13,1736,0.013201320132013201,0.0002622778834174808,2.097025029902768e-09,248,198,6
283,NJ- CAMDEN,NJ,21,7108,0.009900990099009901,0.007289139509977487,1.4976004649066487e-05,186,251,6
284,NJ- HACKENSACK,NJ,10,3002,0.013201320132013201,0.0,1.6549804785323983e-08,281,198,6
285,NJ- MORRISTOWN,NJ,6,1561,0.0297029702970297,0.09074814766244836,2.091820602928115e-06,17,17,6
288,NJ- NEW BRUNSWICK,NJ,6,2534,0.013201320132013201,0.004644504185517889,2.43860924569022e-06,208,198,6
289,NJ- NEWARK,NJ,12,4083,0.013201320132013201,0.0,1.8131896393972054e-07,281,198,6
291,NJ- PATERSON,NJ,2,758,0.013201320132013201,0.009584070989880445,3.502712383907459e-08,170,198,6
292,NJ- RIDGEWOOD,NJ,3,711,0.013201320132013201,0.0005245557668349616,4.4618941785699975e-08,240,198,6
293,NM- ALBUQUERQUE,AZ,34,3161,0.026402640264026403,0.018752868664349876,0.06288413263584652,138,31,2
295,NY- ALBANY,MA,24,4483,0.036303630363036306,0.050947478853845644,1.8936301854006594e-07,66,3,6
296,NY- BINGHAMTON,NY,7,842,0.0165016501650165,0.00030599086398706095,2.795691556037839e-07,246,142,6
297,NY- BRONX,NY,7,3483,0.006600660066006601,0.0,4.628306826122021e-09,281,286,6
299,NY- BUFFALO,NY,16,3350,0.006600660066006601,0.0,3.074099848723445e-06,281,286,6
300,NY- ELMIRA,NY,6,891,0.0165016501650165,0.017616331169540794,2.444229547132284e-07,142,142,6
301,NY- EAST LONG ISLAND,NY,26,9057,0.0033003300330033004,0.0,1.0266297530820151e-09,281,299,6
303,NY- MANHATTAN,NY,26,13095,0.009900990099009901,0.0066006600660066,7.958203148007562e-09,193,251,6
304,NY- ROCHESTER,NY,15,2650,0.019801980198019802,0.0006994076891132822,3.146728394221023e-06,235,93,6
307,NY- SYRACUSE,NY,16,2232,0.0165016501650165,0.0,2.8723704001073326e-07,281,142,6
308,NY- WHITE PLAINS,NY,11,3251,0.026402640264026403,0.03311258278145695,9.8719447267892e-08,99,31,6
309,NC- ASHEVILLE,NC,13,1405,0.023102310231023104,0.0061198172797412185,0.00010665120630293023,203,56,0
311,NC- CHARLOTTE,NC,20,4692,0.026402640264026403,0.008611457172207286,1.7061798245424003e-05,178,31,0
312,NC- DURHAM,NC,15,3676,0.0297029702970297,0.048106135116822935,1.4993713016022224e-05,70,17,0
313,NC- GREENSBORO,NC,5,1317,0.009900990099009901,0.010359976394990492,1.9044475866395494e-06,162,251,0
314,NC- GREENVILLE,NC,13,1993,0.009900990099009901,0.0,5.107298460149537e-05,281,251,0
315,NC- HICKORY,NC,3,557,0.013201320132013201,0.009092299958472667,4.274062368112562e-06,172,198,0
318,NC- RALEIGH,NC,12,3312,0.0165016501650165,0.06279369658820186,5.45898343133426e-05,52,142,0
319,NC- WILMINGTON,NC,7,980,0.0165016501650165,0.0884750726728302,6.033953843344859e-06,18,142,0
320,NC- WINSTON-SALEM,NC,16,3225,0.023102310231023104,0.009004873997333507,1.7701687247875483e-05,173,56,0
321,ND- BISMARCK,ND,17,759,0.0165016501650165,0.0013769588879417743,0.056057410283474746,232,142,10
322,ND- FARGO MOORHEAD -MN,MN,25,1534,0.0165016501650165,0.0,0.08037589818533693,281,142,10
323,ND- GRAND FORKS,MN,15,521,0.009900990099009901,0.01903700303805215,0.022986033649053737,136,251,10
324,ND- MINOT,MT,10,558,0.013201320132013201,0.021004087163683256,0.013552409982034042,129,198,10
325,OH- AKRON,OH,5,2008,0.009900990099009901,0.0,6.616950479391564e-06,281,251,7
326,OH- CANTON,OH,9,1967,0.0165016501650165,0.05269599807662885,5.4142797420115736e-05,62,142,7
327,OH- CINCINNATI,IN,18,4535,0.019801980198019802,0.005944965357462899,0.0005764295287075445,204,93,0
328,OH- CLEVELAND,OH,27,6876,0.023102310231023104,0.03348414311629838,9.888111894805989e-05,95,56,7
329,OH- COLUMBUS,OH,46,7747,0.033003300330033,0.07448691889056455,0.000456385480672672,31,8,7
330,OH- DAYTON,OH,17,3350,0.023102310231023104,0.06985334295018905,0.00032376489767432863,42,56,9
331,OH- ELYRIA,OH,2,649,0.0033003300330033004,0.0,1.825079524050672e-06,281,299,7
332,OH- KETTERING,OH,4,1065,0.009900990099009901,0.0704216116975936,4.5808896931770506e-05,41,251,7
334,OH- TOLEDO,MI,17,3221,0.019801980198019802,0.03455511114025309,0.00012325430658844094,92,93,7
335,OH- YOUNGSTOWN,OH,9,1863,0.0165016501650165,0.03582278757677092,2.347217765244791e-05,90,142,7
336,OK- LAWTON,OK,7,523,0.009900990099009901,6.55694708543702e-05,0.029541646006683128,252,251,3
339,OK- OKLAHOMA CITY,OK,66,5549,0.026402640264026403,0.023386444604725373,0.30537987462315425,119,31,3
340,OK- TULSA,KS,38,4522,0.0165016501650165,0.0,0.21377999537962666,281,142,3
341,OR- BEND,OR,6,348,0.019801980198019802,0.06377723865101742,0.001530066229771113,50,93,2
342,OR- EUGENE,OR,13,1176,0.013201320132013201,0.0,0.0003244692663433763,281,198,2
343,OR- MEDFORD,CA,9,966,0.013201320132013201,0.00987913360872511,0.0010525222120267642,166,198,2
344,OR- PORTLAND,OR,31,4594,0.023102310231023104,0.03289401787860905,0.002246224153053814,100,56,2
345,OR- SALEM,OR,3,346,0.009900990099009901,0.03923240006119817,9.918582150944189e-05,81,251,2
346,PA- ALLENTOWN,NJ,16,2242,0.019801980198019802,0.0002622778834174808,7.162342844034943e-06,248,93,6
347,PA- ALTOONA,PA,6,568,0.019801980198019802,0.08750245885515703,6.225922265875623e-05,20,93,7
350,PA- DANVILLE,PA,11,953,0.023102310231023104,0.062127073634515764,3.147012292345341e-05,55,56,6
351,PA- ERIE,NY,16,1083,0.026402640264026403,0.07402793259458396,3.567885326019772e-05,33,31,7
352,PA- HARRISBURG,PA,10,1632,0.023102310231023104,0.037462024348130174,0.00048104233206962824,87,56,6
354,PA- JOHNSTOWN,PA,5,555,0.013201320132013201,0.055985399864489756,3.942502041105979e-05,60,198,7
355,PA- LANCASTER,PA,6,974,0.0165016501650165,0.03904661989377745,0.0003062263123798603,82,142,6
356,PA- PHILADELPHIA,NJ,42,8889,0.023102310231023104,0.06285926605905623,3.216806864552066e-05,51,56,6
357,PA- PITTSBURGH,OH,44,8238,0.026402640264026403,0.01940856337289358,0.000164322591388699,132,31,7
358,PA- READING,PA,6,733,0.0165016501650165,0.02343015758529495,3.0214793539168656e-05,118,142,6
359,PA- SAYRE,NY,6,394,0.023102310231023104,0.06504491508753524,2.9293206773872978e-06,48,56,6
360,PA- SCRANTON,PA,5,628,0.019801980198019802,0.06641094573033463,4.3242487466006943e-07,46,93,6
362,PA- WILKES-BARRE,PA,2,480,0.013201320132013201,0.05972285970318886,7.040156755519358e-07,57,198,6
363,PA- YORK,PA,5,521,0.006600660066006601,0.0,0.00025633238615177143,281,286,2
364,RI- PROVIDENCE,MA,12,2666,0.013201320132013201,0.0005464122571197517,2.715224061218059e-09,239,198,6
365,SC- CHARLESTON,SC,12,2633,0.0165016501650165,0.07837737416125719,8.943227131470628e-06,28,142,0
366,SC- COLUMBIA,SC,14,3030,0.023102310231023104,0.003868598780407842,6.114985443904799e-05,214,56,0
367,SC- FLORENCE,SC,9,1206,0.0165016501650165,0.007168928813411142,5.905307148157674e-06,187,142,0
368,SC- GREENVILLE,SC,11,2123,0.013201320132013201,0.0007212641793980722,5.254076082939195e-05,234,198,0
369,SC- SPARTANBURG,NC,5,1007,0.013201320132013201,0.0037156033484143113,8.52743109174729e-06,215,198,0
370,SD- RAPID CITY,NE,11,620,0.019801980198019802,0.07697855878303062,0.08188985551866283,29,93,10
371,SD- SIOUX FALLS,IA,61,2668,0.0297029702970297,0.06935064367363888,0.28268567379375403,43,17,10
373,TN- CHATTANOOGA,GA,7,2298,0.019801980198019802,0.04360369811815618,0.00026847890233187095,73,93,0
374,TN- JACKSON,TN,10,1267,0.009900990099009901,0.0,0.0006157371523879674,281,251,0
375,TN- JOHNSON CITY,NC,6,777,0.0165016501650165,0.011758791773217056,4.0626711661110854e-05,154,142,0
376,TN- KINGSPORT,TN,11,1940,0.019801980198019802,0.03134220706838896,0.00016017740970754316,102,93,0
377,TN- KNOXVILLE,KY,25,4220,0.023102310231023104,0.030030817651301552,0.0006092915789722781,107,56,0
379,TN- MEMPHIS,AR,25,5482,0.033003300330033,0.03685004262015605,0.003942013087162267,88,8,1
380,TN- NASHVILLE,KY,53,7825,0.033003300330033,0.09077000415273315,0.001980619036309274,16,8,0
382,TX- ABILENE,TX,14,1323,0.0297029702970297,0.13852643542499946,0.011558607793054555,3,17,5
383,TX- AMARILLO,KS,21,1347,0.019801980198019802,0.06419251196642843,0.15162332691908334,49,93,3
385,TX- AUSTIN,TX,21,3200,0.0165016501650165,0.0,0.002123732150282016,281,142,5
386,TX- BEAUMONT,TX,6,1117,0.006600660066006601,0.0034751819552816207,0.000209828149701581,221,286,5
388,TX- BRYAN,TX,7,630,0.0165016501650165,0.011693222302362687,0.0016529619037927664,155,142,5
390,TX- CORPUS CHRISTI,TX,7,1731,0.0165016501650165,0.00963871221559242,0.007855582953453502,168,142,5
391,TX- DALLAS,OK,68,10308,0.026402640264026403,0.011562083360653945,0.1213151027505259,156,31,3
393,TX- EL PASO,NM,15,2470,0.009900990099009901,0.00950757327388368,0.009960102760166565,171,251,5
394,TX- FORT WORTH,TX,29,4388,0.013201320132013201,0.0,0.03169255715461316,281,198,3
396,TX- HARLINGEN,TX,5,1283,0.006600660066006601,0.0,0.00023844003863210189,281,286,5
397,TX- HOUSTON,TX,74,14559,0.023102310231023104,0.006272812711734749,0.003788362125392602,200,56,5
399,TX- LONGVIEW,TX,1,155,0.009900990099009901,0.08567744191637706,0.0004765003194009813,23,251,1
400,TX- LUBBOCK,NM,26,2569,0.023102310231023104,0.004305728586103643,0.034245919913229006,211,56,5
402,TX- MCALLEN,TX,6,1921,0.009900990099009901,0.0034970384455664106,0.0004144265333655015,220,251,5
406,TX- ODESSA,TX,11,1010,0.013201320132013201,0.012370773501191179,0.0036891557573434128,153,198,5
411,TX- SAN ANGELO,TX,10,687,0.013201320132013201,0.008655170152776866,0.0035483434209791975,177,198,5
412,TX- SAN ANTONIO,TX,29,6401,0.026402640264026403,0.017375909776408103,0.003166952782598607,143,31,5
413,TX- TEMPLE,TX,8,922,0.013201320132013201,0.008305466308220226,0.0013276239729735292,180,198,5
416,TX- TYLER,TX,13,1365,0.023102310231023104,0.059777500928900835,0.016197472461426762,56,56,5
417,TX- VICTORIA,TX,6,604,0.009900990099009901,0.004240159115249273,0.0006166200268451626,212,251,5
418,TX- WACO,TX,9,694,0.019801980198019802,0.0530457019211855,0.013335206612137683,61,93,5
420,TX- WICHITA FALLS,TX,12,873,0.023102310231023104,0.05086005289270649,0.062037028083578236,67,56,3
421,UT- OGDEN,UT,5,715,0.0033003300330033004,0.0,0.00417026745327588,281,299,2
422,UT- PROVO,UT,11,798,0.0033003300330033004,0.0,0.008173352692389271,281,299,2
423,UT- SALT LAKE CITY,CO,44,3484,0.039603960396039604,0.0998841606014906,0.09359703504973141,13,1,2
424,VT- BURLINGTON,NY,13,1678,0.013201320132013201,0.005136275216925666,4.794838286815629e-08,206,198,6
426,VA- ARLINGTON,VA,12,2577,0.013201320132013201,0.0,6.026753219235715e-05,281,198,7
427,VA- CHARLOTTESVILLE,VA,7,1308,0.023102310231023104,0.07226848512665836,2.751021394063419e-05,35,56,7
428,VA- LYNCHBURG,VA,2,265,0.013201320132013201,0.1087032544314034,2.4940257356318294e-06,11,198,0
429,VA- NEWPORT NEWS,VA,6,1110,0.006600660066006601,0.0,3.32815227125195e-05,281,286,0
430,VA- NORFOLK,NC,12,2484,0.019801980198019802,0.1928070290472756,0.0007658151931288006,1,93,0
431,VA- RICHMOND,VA,17,3611,0.023102310231023104,0.051843594955522036,6.552890911837436e-05,64,56,0
432,VA- ROANOKE,VA,14,2530,0.019801980198019802,0.03969138635717876,3.7023780875668104e-05,80,93,0
435,VA- WINCHESTER,VA,9,907,0.013201320132013201,0.0025134963827508575,5.098021598053093e-05,223,198,7
437,WA- EVERETT,WA,8,681,0.009900990099009901,0.0,0.00021483319365085446,281,251,2
438,WA- OLYMPIA,WA,7,675,0.013201320132013201,0.00657880357572181,0.00013832326705715377,196,198,2
439,WA- SEATTLE,WA,23,4404,0.013201320132013201,0.0,3.3647581051059947e-05,281,198,2
440,WA- SPOKANE,ID,43,2825,0.0165016501650165,0.00021856490284790067,0.00303569628056499,250,142,2
441,WA- TACOMA,WA,5,1200,0.006600660066006601,0.0,5.371828015967205e-06,281,286,2
442,WA- YAKIMA,WA,6,421,0.0165016501650165,0.013857014840556903,0.0002839452991332907,148,142,2
443,WV- CHARLESTON,WV,23,2801,0.026402640264026403,0.0367407601687321,0.0002723618890105769,89,31,7
444,WV- HUNTINGTON,KY,7,1647,0.009900990099009901,0.03560422267392302,0.00010339503336944727,91,251,7
445,WV- MORGANTOWN,MD,10,1445,0.019801980198019802,0.058302187834677506,8.305954382655514e-05,58,93,7
446,WI- APPLETON,WI,7,580,0.0165016501650165,0.0023495727056149322,0.0007382318057034363,225,142,10
447,WI- GREEN BAY,MI,11,1430,0.013201320132013201,0.0,0.00017932512418151138,281,198,10
448,WI- LA CROSSE,IA,11,924,0.023102310231023104,0.03903569164863506,0.01483572777606682,83,56,10
449,WI- MADISON,WI,25,2721,0.019801980198019802,0.0010928245142395035,0.0025103398959815774,233,93,10
450,WI- MARSHFIELD,WI,12,1276,0.023102310231023104,0.0266212051668743,0.014406826002247288,112,56,10
451,WI- MILWAUKEE,IL,30,6809,0.023102310231023104,0.007343780735689463,0.0004982975118495232,185,56,10
452,WI- NEENAH,WI,7,477,0.013201320132013201,0.0006666229536860971,0.000821860178330929,237,198,10
456,WI- WAUSAU,WI,6,551,0.0165016501650165,0.022075055187637967,0.0013138885068274533,125,142,10
457,WY- CASPER,WY,12,573,0.0165016501650165,0.021331934517955106,0.039732847746261665,128,142,2
